{"accuracy": [0.6025037169456482, 0.8556511998176575, 0.9120563268661499, 0.9385162591934204, 0.9549185633659363, 0.9645494222640991, 0.9705526828765869, 0.9756597280502319, 0.9791308045387268, 0.9815633893013], "loss": [1.3563721179962158, 0.4553433656692505, 0.2725204825401306, 0.1878051459789276, 0.13649527728557587, 0.10790093243122101, 0.08786831051111221, 0.07398011535406113, 0.06342751532793045, 0.056600723415613174], "val_accuracy": [0.8368996381759644, 0.9041657447814941, 0.9218074083328247, 0.9222626686096191, 0.9446278214454651, 0.9502617716789246, 0.9607899188995361, 0.9527088403701782, 0.96687912940979, 0.9567493796348572], "val_loss": [0.5168768763542175, 0.29765281081199646, 0.2500634491443634, 0.2410440444946289, 0.16690824925899506, 0.15394337475299835, 0.12459362298250198, 0.15877577662467957, 0.1100560799241066, 0.1552889496088028]}